"Date","DGS2","DGS10","DFF","BAA10Y","DFII10","T10YIE","T5YIFR","DTWEXB","DTWEXBGS","USD_BROAD","CURVE_10Y2Y"
1995-01-31,7.26,7.6,5.86,1.33,,,,94.1663,,94.1663,0.34
1995-02-28,6.79,7.22,6.1,1.53,,,,93.2739,,93.2739,0.43
1995-03-31,6.8,7.2,6.3,1.49,,,,91.673,,91.673,0.4
1995-04-30,6.6,7.07,6.06,1.51,,,,89.8462,,89.8462,0.470000000000001
1995-05-31,5.89,6.3,6.17,1.66,,,,90.3528,,90.3528,0.41
1995-06-30,5.79,6.21,6.11,1.74,,,,90.1676,,90.1676,0.42
1995-07-31,5.88,6.45,5.97,1.72,,,,90.4943,,90.4943,0.57
1995-08-31,5.85,6.28,5.93,1.73,,,,93.3792,,93.3792,0.430000000000001
1995-09-30,5.83,6.17,6.2,1.71,,,,93.1247,,93.1247,0.34
1995-10-31,5.61,6.03,5.97,1.7,,,,94.0469,,94.0469,0.42
1995-11-30,5.36,5.76,6.11,1.81,,,,95.2557,,95.2557,0.399999999999999
1995-12-31,5.18,5.58,4.73,1.8,,,,95.4634,,95.4634,0.4
1996-01-31,4.93,5.6,5.71,1.82,,,,97.0785,,97.0785,0.67
1996-02-29,5.44,6.13,6.05,1.78,,,,96.5937,,96.5937,0.69
1996-03-31,5.79,6.34,5.25,1.78,,,,96.6419,,96.6419,0.55
1996-04-30,6.03,6.66,5.5,1.61,,,,96.9887,,96.9887,0.63
1996-05-31,6.27,6.85,5.31,1.48,,,,97.4956,,97.4956,0.58
1996-06-30,6.11,6.73,5,1.51,,,,97.8203,,97.8203,0.62
1996-07-31,6.22,6.8,6.75,1.5,,,,97.0845,,97.0845,0.58
1996-08-31,6.34,6.96,5.28,1.48,,,,97.3231,,97.3231,0.62
1996-09-30,6.1,6.72,6.09,1.5,,,,98.1281,,98.1281,0.62
1996-10-31,5.77,6.37,5.63,1.54,,,,98.3615,,98.3615,0.600000000000001
1996-11-30,5.59,6.06,5.44,1.65,,,,98.4015,,98.4015,0.47
1996-12-31,5.88,6.43,6.26,1.54,,,,99.0104,,99.0104,0.55
1997-01-31,5.94,6.53,5.37,1.5,,,,101.1326,,101.1326,0.59
1997-02-28,6.09,6.56,5.5,1.49,,,,102.1151,,102.1151,0.47
1997-03-31,6.45,6.92,7.07,1.4,,,,102.5186,,102.5186,0.47
1997-04-30,6.29,6.72,5.82,1.5,,,,104.0535,,104.0535,0.43
1997-05-31,6.22,6.67,5.58,1.51,,,,102.1076,,102.1076,0.45
1997-06-30,6.08,6.51,6.87,1.5,,,,102.254,,102.254,0.43
1997-07-31,5.74,6.02,5.96,1.54,,,,104.7233,,104.7233,0.279999999999999
1997-08-31,5.97,6.34,5.52,1.44,,,,105.5356,,105.5356,0.37
1997-09-30,5.8,6.12,5.81,1.54,,,,105.7319,,105.7319,0.32
1997-10-31,5.63,5.84,5.56,1.6,,,,107.1133,,107.1133,0.21
1997-11-30,5.76,5.86,5.5,1.52,,,,109.7412,,109.7412,0.100000000000001
1997-12-31,5.66,5.75,5.84,1.53,,,,113.8195,,113.8195,0.0899999999999999
1998-01-31,5.32,5.53,5.48,1.68,,,,115.8837,,115.8837,0.21
1998-02-28,5.55,5.62,5.57,1.67,,,,114.0125,,114.0125,0.0700000000000003
1998-03-31,5.6,5.67,5.88,1.67,,,,114.3475,,114.3475,0.0700000000000003
1998-04-30,5.59,5.68,5.59,1.66,,,,113.6138,,113.6138,0.0899999999999999
1998-05-31,5.53,5.56,5.63,1.63,,,,116.2637,,116.2637,0.0299999999999994
1998-06-30,5.49,5.44,7.06,1.67,,,,117.4886,,117.4886,-0.0499999999999998
1998-07-31,5.49,5.5,5.63,1.71,,,,118.022,,118.022,0.00999999999999979
1998-08-31,4.91,5.05,5.89,2.06,,,,120.2243,,120.2243,0.14
1998-09-30,4.3,4.44,6.14,2.57,,,,117.9651,,117.9651,0.140000000000001
1998-10-31,4.12,4.64,5.35,2.65,,,,114.312,,114.312,0.52
1998-11-30,4.54,4.74,5.11,2.45,,,,115.3833,,115.3833,0.2
1998-12-31,4.54,4.65,4.07,2.58,,,,113.7533,,113.7533,0.11
1999-01-31,4.58,4.66,4.79,2.55,,,,115.927,,115.927,0.0800000000000001
1999-02-28,5.13,5.29,4.84,2.24,,,,117.4554,,117.4554,0.16
1999-03-31,4.99,5.25,4.98,2.31,,,,116.934,,116.934,0.26
1999-04-30,5.08,5.36,5.03,2.22,,,,116.1923,,116.1923,0.28
1999-05-31,5.42,5.64,4.61,2.18,,,,117.7324,,117.7324,0.22
1999-06-30,5.53,5.81,5.12,2.18,,,,117.3781,,117.3781,0.279999999999999
1999-07-31,5.63,5.92,5.07,2.19,,,,116.1347,,116.1347,0.29
1999-08-31,5.73,5.98,5.57,2.23,,,,115.9089,,115.9089,0.25
1999-09-30,5.63,5.9,5.51,2.3,,,,115.278,,115.278,0.27
1999-10-31,5.79,6.02,5.27,2.28,,,,115.158,,115.158,0.23
1999-11-30,6.01,6.18,5.63,1.99,,,,115.7545,,115.7545,0.17
1999-12-31,6.24,6.45,3.99,1.73,,,,114.9667,,114.9667,0.21
2000-01-31,6.61,6.68,5.87,1.68,,,,116.7787,,116.7787,0.0699999999999994
2000-02-29,6.53,6.42,5.85,1.91,,,,117.262,,117.262,-0.11
2000-03-31,6.5,6.03,6.17,2.3,,,,116.1043,,116.1043,-0.47
2000-04-30,6.68,6.23,6.06,2.34,,,,118.9683,,118.9683,-0.449999999999999
2000-05-31,6.69,6.29,6.83,2.52,,,,119.4806,,119.4806,-0.4
2000-06-30,6.38,6.03,6.86,2.4,,,,118.669,,118.669,-0.35
2000-07-31,6.3,6.04,6.64,2.27,,,,119.716,,119.716,-0.26
2000-08-31,6.18,5.73,6.65,2.51,,,,119.9757,,119.9757,-0.449999999999999
2000-09-30,5.98,5.8,6.6,2.54,,,,121.3035,,121.3035,-0.180000000000001
2000-10-31,5.94,5.77,6.59,2.56,,,,123.8302,,123.8302,-0.170000000000001
2000-11-30,5.61,5.48,6.62,2.64,,,,124.0302,,124.0302,-0.13
2000-12-31,5.11,5.12,5.41,2.88,,,,122.1918,,122.1918,0.00999999999999979
2001-01-31,4.62,5.19,5.74,2.62,,,,122.7635,,122.7635,0.57
2001-02-28,4.41,4.92,5.59,2.88,,,,123.9687,,123.9687,0.51
2001-03-31,4.18,4.93,5.29,3.04,,,,127.6104,,127.6104,0.75
2001-04-30,4.3,5.35,4.67,2.73,,,,126.3332,,126.3332,1.05
2001-05-31,4.22,5.43,4.24,2.65,,,,127.2062,,127.2062,1.21
2001-06-30,4.25,5.42,3.95,2.65,,,,127.5801,,127.5801,1.17
2001-07-31,3.79,5.07,3.82,2.78,,,,126.9999,,126.9999,1.28
2001-08-31,3.64,4.85,3.66,2.9,,,,125.1052,,125.1052,1.21
2001-09-30,2.86,4.6,2.75,3.42,,,,126.4437,,126.4437,1.74
2001-10-31,2.44,4.3,2.66,3.38,,,,127.1954,,127.1954,1.86
2001-11-30,2.84,4.78,2.06,3.1,,,,126.8713,,126.8713,1.94
2001-12-31,3.07,5.07,1.52,2.85,,,,128.0345,,128.0345,2
2002-01-31,3.16,5.07,1.85,2.85,,,,129.9908,,129.9908,1.91
2002-02-28,3.06,4.88,1.83,2.98,,,,130.0398,,130.0398,1.82
2002-03-31,3.72,5.42,1.74,2.81,,,,129.3464,,129.3464,1.7
2002-04-30,3.24,5.11,1.82,2.84,,,,127.7843,,127.7843,1.87
2002-05-31,3.22,5.08,1.79,2.98,,,,125.9166,,125.9166,1.86
2002-06-30,2.9,4.86,1.73,3.13,,,,124.2609,,124.2609,1.96
2002-07-31,2.23,4.51,1.76,3.25,,,,125.4433,,125.4433,2.28
2002-08-31,2.14,4.14,1.81,3.32,,,,124.993,,124.993,2
2002-09-30,1.72,3.63,1.85,3.76,,,,126.7765,,126.7765,1.91
2002-10-31,1.68,3.93,1.82,3.82,,,,126.26,,126.26,2.25
2002-11-30,2.08,4.22,1.23,3.38,,,,126.0424,,126.0424,2.14
2002-12-31,1.61,3.83,1.16,3.48,,,,124.27,,124.27,2.22
2003-01-31,1.72,4,1.33,3.16,2.19,1.81,2.13,123.4975,,123.4975,2.28
2003-02-28,1.53,3.71,1.33,3.21,1.77,1.94,2.13,123.1295,,123.1295,2.18
2003-03-31,1.51,3.83,1.38,3.04,2.03,1.8,1.95,122.3178,,122.3178,2.32
2003-04-30,1.51,3.89,1.31,2.76,2.16,1.73,2.01,120.0355,,120.0355,2.38
2003-05-31,1.33,3.37,1.28,2.85,1.77,1.6,1.94,117.6279,,117.6279,2.04
2003-06-30,1.32,3.54,1.45,2.81,1.9,1.64,1.83,117.9166,,117.9166,2.22
2003-07-31,1.8,4.49,1.04,2.58,2.41,2.08,2.41,119.768,,119.768,2.69
2003-08-31,1.95,4.45,1.01,2.46,2.29,2.16,2.33,120.1453,,120.1453,2.5
2003-09-30,1.5,3.96,1.17,2.57,1.95,2.01,2.16,116.8426,,116.8426,2.46
2003-10-31,1.85,4.33,1.03,2.36,1.93,2.4,2.74,116.3275,,116.3275,2.48
2003-11-30,2.06,4.34,1.01,2.33,2.03,2.31,2.6,115.4934,,115.4934,2.28
2003-12-31,1.84,4.27,0.94,2.34,2,2.27,2.51,113.322,,113.322,2.43
2004-01-31,1.84,4.16,1.03,2.19,1.85,2.31,2.46,113.471,,113.471,2.32
2004-02-29,1.66,3.99,1.04,2.21,1.61,2.38,2.38,114.0867,,114.0867,2.33
2004-03-31,1.6,3.86,1.05,2.29,1.48,2.38,2.47,113.3535,,113.3535,2.26
2004-04-30,2.31,4.53,1.03,2.05,2.11,2.42,2.5,116.2795,,116.2795,2.22
2004-05-31,2.54,4.66,1.02,2.03,2,2.66,2.77,115.7747,,115.7747,2.12
2004-06-30,2.7,4.62,1.38,2.09,2.1,2.52,2.61,115.6817,,115.6817,1.92
2004-07-31,2.68,4.5,1.29,2.1,2.01,2.49,2.57,115.9231,,115.9231,1.82
2004-08-31,2.41,4.13,1.55,2.19,1.78,2.35,2.43,115.0367,,115.0367,1.72
2004-09-30,2.63,4.14,1.94,2.11,1.77,2.37,2.41,113.7689,,113.7689,1.51
2004-10-31,2.56,4.05,1.79,2.09,1.63,2.42,2.35,111.7951,,111.7951,1.49
2004-11-30,3.02,4.36,2.02,1.95,1.75,2.61,2.46,108.8274,,108.8274,1.34
2004-12-31,3.08,4.24,1.97,1.86,1.68,2.56,2.48,108.1641,,108.1641,1.16
2005-01-31,3.29,4.14,2.5,1.75,1.65,2.49,2.4,109.7005,,109.7005,0.85
2005-02-28,3.59,4.36,2.52,1.59,1.7,2.66,2.5,108.734,,108.734,0.77
2005-03-31,3.8,4.5,2.96,1.64,1.79,2.71,2.55,109.8222,,109.8222,0.7
2005-04-30,3.66,4.21,2.97,1.76,1.61,2.6,2.47,109.9333,,109.9333,0.55
2005-05-31,3.6,4,3.09,1.9,1.63,2.37,2.27,111.3153,,111.3153,0.4
2005-06-30,3.66,3.94,3.35,1.87,1.67,2.27,2.23,111.958,,111.958,0.28
2005-07-31,4.02,4.28,3.31,1.67,1.92,2.36,2.4,111.5141,,111.5141,0.260000000000001
2005-08-31,3.84,4.02,3.63,1.77,1.65,2.37,2.3,110.6722,,110.6722,0.18
2005-09-30,4.18,4.34,3.93,1.81,1.78,2.56,2.4,110.9233,,110.9233,0.16
2005-10-31,4.4,4.57,4.02,1.83,2,2.57,2.5,111.7851,,111.7851,0.17
2005-11-30,4.42,4.49,4.03,1.89,2.12,2.37,2.39,112.0722,,112.0722,0.0700000000000003
2005-12-31,4.41,4.39,4.09,1.82,2.06,2.33,2.36,111.7024,,111.7024,-0.0200000000000005
2006-01-31,4.54,4.53,4.47,1.78,2,2.53,2.48,109.6099,99.4311,109.6099,-0.00999999999999979
2006-02-28,4.69,4.55,4.52,1.65,2.02,2.53,2.38,109.9081,99.7695,109.9081,-0.140000000000001
2006-03-31,4.82,4.86,5,1.69,2.35,2.51,2.44,110.6151,100.56,110.6151,0.04
2006-04-30,4.87,5.07,4.86,1.67,2.39,2.68,2.69,108.1334,98.1412,108.1334,0.2
2006-05-31,5.04,5.12,5.05,1.66,2.48,2.64,2.6,107.866,97.7705,107.866,0.0800000000000001
2006-06-30,5.16,5.15,5.05,1.67,2.54,2.61,2.59,108.3089,98.2483,108.3089,-0.00999999999999979
2006-07-31,4.97,4.99,5.31,1.68,2.41,2.58,2.62,108.0452,97.9996,108.0452,0.0200000000000005
2006-08-31,4.79,4.74,5.31,1.73,2.24,2.5,2.56,107.7594,97.644,107.7594,-0.0499999999999998
2006-09-30,4.71,4.64,5.34,1.72,2.27,2.37,2.49,108.1628,98.1054,108.1628,-0.0700000000000003
2006-10-31,4.71,4.61,5.31,1.64,2.34,2.27,2.44,107.388,97.3901,107.388,-0.0999999999999996
2006-11-30,4.62,4.46,5.31,1.64,2.16,2.3,2.36,106.4624,96.5779,106.4624,-0.16
2006-12-31,4.82,4.71,5.17,1.64,2.41,2.3,2.34,106.8812,97.0312,106.8812,-0.11
2007-01-31,4.94,4.83,5.33,1.57,2.4,2.43,2.44,107.7972,97.964,107.7972,-0.11
2007-02-28,4.65,4.56,5.41,1.6,2.2,2.36,2.32,107.0162,97.2386,107.0162,-0.0900000000000007
2007-03-31,4.58,4.65,5.3,1.75,2.21,2.44,2.37,106.0621,96.3183,106.0621,0.0700000000000003
2007-04-30,4.6,4.63,5.29,1.68,2.2,2.43,2.41,104.6418,94.8365,104.6418,0.0300000000000002
2007-05-31,4.92,4.9,5.28,1.6,2.54,2.36,2.39,104.1159,94.3215,104.1159,-0.0199999999999996
2007-06-30,4.87,5.03,5.31,1.59,2.65,2.38,2.43,103.9252,94.1393,103.9252,0.16
2007-07-31,4.56,4.78,5.28,1.85,2.44,2.34,2.51,103.118,93.4264,103.118,0.220000000000001
2007-08-31,4.15,4.54,4.96,2.05,2.34,2.2,2.43,103.3864,93.6674,103.3864,0.39
2007-09-30,3.97,4.59,4.58,2,2.27,2.32,2.53,100.5796,90.9446,100.5796,0.62
2007-10-31,3.94,4.48,4.6,1.99,2.14,2.34,2.42,98.7648,89.1389,98.7648,0.54
2007-11-30,3.04,3.97,4.66,2.47,1.63,2.34,2.44,99.0864,89.6212,99.0864,0.93
2007-12-31,3.05,4.04,3.06,2.52,1.73,2.31,2.35,98.9947,89.6304,98.9947,0.99
2008-01-31,2.17,3.67,3.22,2.96,1.33,2.34,2.53,97.8611,88.6547,97.8611,1.5
2008-02-29,1.65,3.53,3.01,3.22,1.1,2.43,2.56,96.2549,87.1654,96.2549,1.88
2008-03-31,1.62,3.45,2.51,3.45,1.11,2.34,2.49,95.6259,86.6881,95.6259,1.83
2008-04-30,2.29,3.77,2.37,3.1,1.5,2.27,2.28,95.8758,86.8907,95.8758,1.48
2008-05-31,2.66,4.06,1.98,3,1.58,2.48,2.56,95.5535,86.5504,95.5535,1.4
2008-06-30,2.63,3.99,2.47,3.05,1.48,2.51,2.39,95.7132,86.7621,95.7132,1.36
2008-07-31,2.52,3.99,2.09,3.22,1.65,2.34,2.52,95.7502,86.8567,95.7502,1.47
2008-08-31,2.36,3.83,1.94,3.29,1.68,2.15,2.41,98.9287,90.0567,98.9287,1.47
2008-09-30,2,3.85,2.03,4,2.25,1.6,2.23,101.3254,92.3773,101.3254,1.85
2008-10-31,1.56,4.01,0.22,5.53,3.14,0.87,2.73,108.5157,99.7662,108.5157,2.45
2008-11-30,1,2.93,0.52,6.1,2.6,0.33,2.97,110.4626,101.6468,110.4626,1.93
2008-12-31,0.76,2.25,0.14,5.82,2.14,0.11,0.48,107.235,98.6518,107.235,1.49
2009-01-31,0.94,2.87,0.23,5.38,1.73,1.14,1.91,110.8077,102.1169,110.8077,1.93
2009-02-28,1,3.02,0.22,5.22,2.06,0.96,1.34,113.8239,104.9284,113.8239,2.02
2009-03-31,0.81,2.71,0.16,5.74,1.43,1.28,1.83,111.1357,102.3761,111.1357,1.9
2009-04-30,0.91,3.16,0.2,5.08,1.69,1.47,2.12,108.807,100.1042,108.807,2.25
2009-05-31,0.92,3.47,0.19,4.29,1.67,1.8,2.24,104.189,95.268,104.189,2.55
2009-06-30,1.11,3.53,0.22,3.64,1.78,1.75,2.16,105.2527,96.3761,105.2527,2.42
2009-07-31,1.13,3.52,0.18,3.11,1.71,1.81,2.3,103.2089,94.2526,103.2089,2.39
2009-08-31,0.97,3.4,0.15,2.98,1.76,1.64,2.16,103.5501,94.6202,103.5501,2.43
2009-09-30,0.95,3.31,0.07,2.86,1.56,1.75,2.13,101.9754,93.1907,101.9754,2.36
2009-10-31,0.9,3.41,0.11,2.86,1.41,2,2.39,101.4442,92.6207,101.4442,2.51
2009-11-30,0.67,3.21,0.13,2.99,1.13,2.08,2.41,100.1197,91.3717,100.1197,2.54
2009-12-31,1.14,3.85,0.05,2.54,1.48,2.37,2.61,101.6921,92.9124,101.6921,2.71
2010-01-31,0.82,3.63,0.12,2.57,1.3,2.33,2.75,102.72,93.7638,102.72,2.81
2010-02-28,0.81,3.61,0.13,2.62,1.48,2.13,2.43,102.4911,93.6602,102.4911,2.8
2010-03-31,1.02,3.84,0.09,2.47,1.6,2.24,2.65,101.7355,92.8987,101.7355,2.82
2010-04-30,0.97,3.69,0.2,2.38,1.29,2.4,2.79,101.6338,92.8423,101.6338,2.72
2010-05-31,0.76,3.31,0.19,2.89,1.32,1.99,2.29,105.0241,96.3062,105.0241,2.55
2010-06-30,0.61,2.97,0.09,3.08,1.15,1.82,2.1,104.7112,95.9934,104.7112,2.36
2010-07-31,0.55,2.94,0.18,2.91,1.14,1.8,2.17,102.0402,93.2793,102.0402,2.39
2010-08-31,0.47,2.47,0.21,3.01,0.95,1.52,1.85,103.4073,94.7204,103.4073,2
2010-09-30,0.42,2.53,0.15,3.05,0.75,1.78,2.26,99.9125,91.3415,99.9125,2.11
2010-10-31,0.34,2.63,0.2,3.15,0.5,2.13,2.78,98.6316,90.0935,98.6316,2.29
2010-11-30,0.45,2.81,0.2,3.03,0.74,2.07,2.6,100.6876,92.1494,100.6876,2.36
2010-12-31,0.61,3.3,0.13,2.68,1,2.3,2.77,98.9348,90.5146,98.9348,2.69
2011-01-31,0.58,3.42,0.17,2.68,1.08,2.34,2.72,98.1409,89.694,98.1409,2.84
2011-02-28,0.69,3.42,0.16,2.57,1.03,2.39,2.63,97.359,88.9391,97.359,2.73
2011-03-31,0.8,3.47,0.1,2.58,0.99,2.48,2.75,96.3777,88.0299,96.3777,2.67
2011-04-30,0.61,3.32,0.09,2.58,0.75,2.57,2.69,93.8879,85.5999,93.8879,2.71
2011-05-31,0.45,3.05,0.1,2.65,0.8,2.25,2.5,94.9248,86.656,94.9248,2.6
2011-06-30,0.45,3.18,0.07,2.72,0.75,2.43,2.83,94.7217,86.4786,94.7217,2.73
2011-07-31,0.36,2.82,0.11,2.77,0.38,2.44,2.81,93.9392,85.7282,93.9392,2.46
2011-08-31,0.2,2.23,0.08,3.25,0.18,2.05,2.38,94.9109,86.7739,94.9109,2.03
2011-09-30,0.25,1.92,0.06,3.3,0.17,1.75,2,100.259,91.9998,100.259,1.67
2011-10-31,0.25,2.17,0.09,3.02,0.08,2.09,2.3,97.4207,89.2053,97.4207,1.92
2011-11-30,0.25,2.08,0.1,3.24,0.03,2.05,2.34,99.6988,91.4728,99.6988,1.83
2011-12-31,0.25,1.89,0.04,3.27,-0.07,1.96,2.33,100.5874,92.4262,100.5874,1.64
2012-01-31,0.22,1.83,0.11,3.24,-0.28,2.11,2.34,98.645,90.5538,98.645,1.61
2012-02-29,0.3,1.98,0.1,3.1,-0.28,2.26,2.53,97.8516,89.7487,97.8516,1.68
2012-03-31,0.33,2.23,0.09,3.07,-0.09,2.32,2.62,98.5842,90.4593,98.5842,1.9
2012-04-30,0.27,1.95,0.16,3.2,-0.3,2.25,2.44,98.4753,90.3634,98.4753,1.68
2012-05-31,0.27,1.59,0.16,3.4,-0.5,2.09,2.46,102.9386,94.6856,102.9386,1.32
2012-06-30,0.33,1.67,0.09,3.39,-0.46,2.13,2.54,101.1355,92.9096,101.1355,1.34
2012-07-31,0.23,1.51,0.13,3.27,-0.69,2.2,2.57,101.0602,92.8422,101.0602,1.28
2012-08-31,0.22,1.57,0.13,3.21,-0.68,2.25,2.55,100.4206,92.1677,100.4206,1.35
2012-09-30,0.23,1.65,0.09,3.07,-0.77,2.42,2.73,98.9716,90.8342,98.9716,1.42
2012-10-31,0.3,1.72,0.18,2.73,-0.78,2.5,2.88,99.2296,91.1609,99.2296,1.42
2012-11-30,0.25,1.62,0.16,2.95,-0.79,2.41,2.81,99.1602,91.1038,99.1602,1.37
2012-12-31,0.25,1.78,0.09,2.85,-0.67,2.45,2.81,99.1725,91.0834,99.1725,1.53
2013-01-31,0.27,2.02,0.15,2.82,-0.57,2.59,2.85,98.8594,90.798,98.8594,1.75
2013-02-28,0.25,1.89,0.14,2.89,-0.64,2.53,2.88,100.4037,92.295,100.4037,1.64
2013-03-31,0.25,1.87,0.09,2.96,-0.64,2.51,2.78,100.4484,92.302,100.4484,1.62
2013-04-30,0.22,1.7,0.14,2.83,-0.64,2.34,2.62,99.501,91.3741,99.501,1.48
2013-05-31,0.3,2.16,0.09,2.79,-0.05,2.21,2.55,101.7132,93.6076,101.7132,1.86
2013-06-30,0.36,2.52,0.07,2.83,0.53,1.99,2.22,102.4226,94.3047,102.4226,2.16
2013-07-31,0.31,2.6,0.09,2.68,0.38,2.22,2.57,101.7108,93.5703,101.7108,2.29
2013-08-31,0.39,2.78,0.07,2.56,0.68,2.1,2.42,102.905,94.7541,102.905,2.39
2013-09-30,0.33,2.64,0.06,2.75,0.45,2.19,2.64,101.1297,92.9207,101.1297,2.31
2013-10-31,0.31,2.57,0.07,2.65,0.4,2.17,2.6,100.8447,92.731,100.8447,2.26
2013-11-30,0.28,2.75,0.07,2.61,0.6,2.15,2.61,101.8225,93.6291,101.8225,2.47
2013-12-31,0.38,3.04,0.07,2.33,0.8,2.24,2.79,101.7424,93.5576,101.7424,2.66
2014-01-31,0.34,2.67,0.07,2.4,0.53,2.14,2.56,103.4175,95.1774,103.4175,2.33
2014-02-28,0.33,2.66,0.06,2.35,0.49,2.17,2.55,102.7399,94.3879,102.7399,2.33
2014-03-31,0.44,2.73,0.06,2.26,0.6,2.13,2.56,102.6653,94.2432,102.6653,2.29
2014-04-30,0.42,2.67,0.09,2.16,0.49,2.18,2.4,102.3811,93.8896,102.3811,2.25
2014-05-31,0.37,2.48,0.08,2.22,0.26,2.22,2.51,102.2024,93.7606,102.2024,2.11
2014-06-30,0.47,2.53,0.09,2.18,0.27,2.26,2.52,101.6172,93.2058,101.6172,2.06
2014-07-31,0.53,2.58,0.08,2.17,0.29,2.29,2.61,102.833,94.4467,102.833,2.05
2014-08-31,0.48,2.35,0.07,2.23,0.23,2.12,2.48,103.0684,94.7251,103.0684,1.87
2014-09-30,0.58,2.52,0.07,2.29,0.55,1.97,2.38,105.9187,97.5261,105.9187,1.94
2014-10-31,0.5,2.35,0.07,2.39,0.43,1.92,2.31,106.5307,98.1163,106.5307,1.85
2014-11-30,0.47,2.18,0.08,2.52,0.39,1.79,2.19,108.6566,100.0719,108.6566,1.71
2014-12-31,0.67,2.17,0.06,2.51,0.49,1.68,2.09,111.0738,102.2843,111.0738,1.5
2015-01-31,0.47,1.68,0.06,2.61,0.03,1.65,2.01,114.4698,105.5884,114.4698,1.21
2015-02-28,0.63,2,0.06,2.46,0.17,1.83,2.17,114.4668,105.5981,114.4668,1.37
2015-03-31,0.56,1.94,0.06,2.55,0.18,1.76,2.01,116.0825,107.4396,116.0825,1.38
2015-04-30,0.58,2.05,0.08,2.6,0.11,1.94,2.16,113.9418,105.312,113.9418,1.47
2015-05-31,0.61,2.12,0.08,2.72,0.32,1.8,2.03,115.3927,106.7388,115.3927,1.51
2015-06-30,0.64,2.35,0.08,2.83,0.48,1.87,2.13,115.2961,106.5191,115.2961,1.71
2015-07-31,0.67,2.2,0.08,2.94,0.46,1.74,2.12,117.6531,108.7819,117.6531,1.53
2015-08-31,0.74,2.21,0.08,3.15,0.58,1.63,2,119.7022,110.5621,119.7022,1.47
2015-09-30,0.64,2.06,0.07,3.29,0.65,1.41,1.75,120.4554,111.3311,120.4554,1.42
2015-10-31,0.75,2.16,0.07,3.19,0.63,1.53,1.86,119.2417,110.2079,119.2417,1.41
2015-11-30,0.94,2.21,0.08,3.2,0.62,1.59,1.88,121.428,112.34,121.428,1.27
2015-12-31,1.06,2.27,0.2,3.23,0.73,1.54,1.77,122.5837,113.3429,122.5837,1.21
2016-01-31,0.76,1.94,0.29,3.48,0.53,1.41,1.63,124.9387,115.5731,124.9387,1.18
2016-02-29,0.78,1.74,0.29,3.55,0.32,1.42,1.61,123.5523,114.2418,123.5523,0.96
2016-03-31,0.73,1.78,0.25,3.12,0.16,1.62,1.75,119.0352,109.9191,119.0352,1.05
2016-04-30,0.77,1.83,0.3,2.86,0.12,1.71,1.82,117.9844,108.8274,117.9844,1.06
2016-05-31,0.87,1.84,0.29,2.84,0.3,1.54,1.61,121.8333,112.4276,121.8333,0.97
2016-06-30,0.58,1.49,0.3,2.92,0.09,1.4,1.42,121.3552,112.1618,121.3552,0.91
2016-07-31,0.67,1.46,0.3,2.71,-0.03,1.49,1.67,121.0503,111.874,121.0503,0.79
2016-08-31,0.8,1.58,0.3,2.61,0.11,1.47,1.67,121.6157,112.4036,121.6157,0.78
2016-09-30,0.77,1.6,0.29,2.69,0,1.6,1.75,121.4347,112.2795,121.4347,0.83
2016-10-31,0.86,1.84,0.31,2.61,0.11,1.73,1.87,123.2421,114.0188,123.2421,0.98
2016-11-30,1.11,2.37,0.31,2.45,0.43,1.94,2.11,127.344,117.7636,127.344,1.26
2016-12-31,1.2,2.45,0.55,2.28,0.5,1.95,2.06,127.9973,118.3466,127.9973,1.25
2017-01-31,1.19,2.45,0.56,2.23,0.4,2.05,2.16,125.7556,116.2241,125.7556,1.26
2017-02-28,1.22,2.36,0.57,2.19,0.34,2.02,2.15,125.3934,116.0032,125.3934,1.14
2017-03-31,1.27,2.4,0.82,2.24,0.43,1.97,2.17,124.1269,114.7938,124.1269,1.13
2017-04-30,1.28,2.29,0.83,2.28,0.37,1.92,2.03,124.1803,114.7877,124.1803,1.01
2017-05-31,1.28,2.21,0.83,2.23,0.4,1.81,1.9,122.5504,113.2956,122.5504,0.93
2017-06-30,1.38,2.31,1.06,2.09,0.58,1.73,1.83,121.2889,111.9896,121.2889,0.93
2017-07-31,1.34,2.3,1.07,2.06,0.48,1.82,1.97,119.0543,109.8177,119.0543,0.96
2017-08-31,1.33,2.12,1.07,2.14,0.36,1.76,1.94,118.3726,109.3686,118.3726,0.79
2017-09-30,1.47,2.33,1.06,2,0.49,1.84,2,119.2721,110.0867,119.2721,0.86
2017-10-31,1.6,2.38,1.07,1.91,0.5,1.88,1.97,120.9444,111.8052,120.9444,0.78
2017-11-30,1.78,2.42,1.07,1.88,0.56,1.86,1.99,119.5178,110.4648,119.5178,0.64
2017-12-31,1.89,2.4,1.33,1.77,0.44,1.96,2.06,119.0471,110.0783,119.0471,0.51
2018-01-31,2.14,2.72,1.34,1.56,0.61,2.11,2.24,115.4529,106.7696,115.4529,0.58
2018-02-28,2.25,2.87,1.35,1.68,0.75,2.12,2.2,118.4674,108.3903,118.4674,0.62
2018-03-31,2.27,2.74,1.67,1.85,0.69,2.05,2.18,117.5476,107.4784,117.5476,0.47
2018-04-30,2.49,2.95,1.69,1.79,0.78,2.17,2.24,119.6435,109.3363,119.6435,0.46
2018-05-31,2.4,2.83,1.7,1.89,0.76,2.07,2.11,122.4385,111.9894,122.4385,0.43
2018-06-30,2.52,2.85,1.91,1.99,0.74,2.11,2.16,124.0902,113.2586,124.0902,0.33
2018-07-31,2.67,2.96,1.91,1.83,0.84,2.12,2.24,123.8624,112.7299,123.8624,0.29
2018-08-31,2.62,2.86,1.91,1.92,0.78,2.08,2.18,126.1898,114.2755,126.1898,0.24
2018-09-30,2.81,3.05,2.18,1.84,0.91,2.14,2.25,125.7435,113.8077,125.7435,0.24
2018-10-31,2.87,3.15,2.2,2.03,1.1,2.05,2.2,128.681,116.5281,128.681,0.28
2018-11-30,2.8,3.01,2.2,2.27,1.04,1.97,2.17,128.6004,116.413,128.6004,0.21
2018-12-31,2.48,2.69,2.4,2.45,0.98,1.71,1.91,127.9541,115.5674,127.9541,0.21
2019-01-31,2.45,2.63,2.4,2.38,0.78,1.85,2,125.8651,113.5504,125.8651,0.18
2019-02-28,2.52,2.73,2.4,2.22,0.78,1.95,2.06,126.5825,114.1991,126.5825,0.21
2019-03-31,2.27,2.41,2.43,2.26,0.53,1.88,1.98,127.566,115.1371,127.566,0.14
2019-04-30,2.27,2.51,2.45,2.14,0.56,1.95,2.05,127.8902,115.3281,127.8902,0.24
2019-05-31,1.95,2.14,2.4,2.37,0.4,1.74,1.9,129.5836,116.7273,129.5836,0.19
2019-06-30,1.75,2,2.4,2.31,0.31,1.69,1.85,127.3274,114.5821,127.3274,0.25
2019-07-31,1.89,2.02,2.4,2.13,0.26,1.76,1.96,128.3152,115.4946,128.3152,0.13
2019-08-31,1.5,1.5,2.13,2.26,-0.05,1.55,1.75,131.6829,118.1575,131.6829,0
2019-09-30,1.63,1.68,1.9,2.2,0.15,1.53,1.71,131.4406,117.9461,131.4406,0.05
2019-10-31,1.52,1.69,1.58,2.18,0.15,1.54,1.64,129.2808,115.9125,129.2808,0.17
2019-11-30,1.61,1.78,1.56,2.08,0.17,1.61,1.72,130.5986,117.1204,130.5986,0.17
2019-12-31,1.58,1.92,1.55,1.98,0.15,1.77,1.86,128.0097,114.669,128.0097,0.34
2020-01-31,1.33,1.51,1.59,2.13,-0.14,1.65,1.7,128.0097,115.7345,125.999644289409,0.18
2020-02-29,0.86,1.13,1.58,2.38,-0.28,1.41,1.49,128.0097,117.6568,128.092443897283,0.27
2020-03-31,0.23,0.7,0.08,3.93,-0.17,0.87,1.25,128.0097,122.5301,133.397984306716,0.47
2020-04-30,0.2,0.64,0.05,3.23,-0.43,1.07,1.42,128.0097,122.327,133.17687022444,0.44
2020-05-31,0.16,0.65,0.05,3.08,-0.5,1.15,1.47,128.0097,120.9458,131.673163821488,0.49
2020-06-30,0.16,0.66,0.08,2.93,-0.68,1.34,1.52,128.0097,120.4649,131.149610093439,0.5
2020-07-31,0.11,0.55,0.1,2.6,-1,1.55,1.7,128.0097,117.2082,127.604055038056,0.44
2020-08-31,0.14,0.72,0.09,2.67,-1.08,1.8,1.91,128.0097,115.7586,126.025881854071,0.58
2020-09-30,0.13,0.69,0.09,2.75,-0.94,1.63,1.76,128.0097,116.946,127.318599044098,0.56
2020-10-31,0.14,0.88,0.09,2.61,-0.82,1.7,1.81,128.0097,116.1354,126.436102367126,0.74
2020-11-30,0.16,0.84,0.09,2.29,-0.93,1.77,1.86,128.0097,113.2256,123.268215825487,0.68
2020-12-31,0.13,0.93,0.09,2.18,-1.06,1.99,2.03,128.0097,111.3169,121.190222478169,0.8
2021-01-31,0.11,1.11,0.07,2.17,-1.02,2.13,2.05,128.0097,111.9511,121.880673246163,1
2021-02-28,0.14,1.44,0.07,2.12,-0.71,2.15,1.91,128.0097,112.8306,122.838181051981,1.3
2021-03-31,0.16,1.74,0.06,2.03,-0.63,2.37,2.2,128.0097,113.8234,123.91903807258,1.58
2021-04-30,0.16,1.65,0.05,1.96,-0.76,2.41,2.25,128.0097,112.0839,122.025252025711,1.49
2021-05-31,0.14,1.58,0.05,1.99,-0.84,2.42,2.27,128.0097,110.7576,120.581315012797,1.44
2021-06-30,0.25,1.45,0.08,1.87,-0.87,2.32,2.17,128.0097,112.5533,122.536285754024,1.2
2021-07-31,0.19,1.24,0.07,1.95,-1.16,2.4,2.24,128.0097,112.6714,122.664860707824,1.05
2021-08-31,0.2,1.3,0.06,1.94,-1.03,2.33,2.18,128.0097,113.1076,123.13974974125,1.1
2021-09-30,0.28,1.52,0.06,1.85,-0.85,2.37,2.23,128.0097,114.6403,124.808393532016,1.24
2021-10-31,0.48,1.55,0.07,1.69,-0.96,2.51,2.13,128.0097,114.1349,124.258166761054,1.07
2021-11-30,0.52,1.43,0.07,1.81,-1.07,2.5,2.2,128.0097,116.2071,126.514161843735,0.91
2021-12-31,0.73,1.52,0.07,1.85,-1.04,2.56,2.25,128.0097,115.283,125.508098212857,0.79
2022-01-31,1.18,1.79,0.08,1.93,-0.65,2.44,2.06,128.0097,115.566,125.8161990759,0.61
2022-02-28,1.44,1.83,0.08,2.34,-0.79,2.62,2.13,128.0097,115.2224,125.442123257732,0.39
2022-03-31,2.28,2.32,0.33,1.93,-0.52,2.84,2.34,128.0097,115.2218,125.441470040354,0.04
2022-04-30,2.7,2.89,0.33,2.05,0.01,2.88,2.46,128.0097,119.4933,130.091833420178,0.19
2022-05-31,2.53,2.85,0.83,2.18,0.21,2.64,2.32,128.0097,118.0704,128.542728409491,0.32
2022-06-30,2.92,2.98,1.58,2.31,0.65,2.33,2.08,128.0097,120.9652,131.694284516693,0.0600000000000001
2022-07-31,2.89,2.67,2.32,2.36,0.14,2.53,2.33,128.0097,121.7678,132.568071628631,-0.22
2022-08-31,3.45,3.15,2.33,2.18,0.67,2.48,2.38,128.0097,123.535,134.492014544428,-0.3
2022-09-30,4.22,3.83,3.08,2.24,1.68,2.15,2.16,128.0097,127.5148,138.824805409235,-0.39
2022-10-31,4.51,4.1,3.08,2.28,1.58,2.52,2.37,128.0097,127.6219,138.941404711114,-0.41
2022-11-30,4.38,3.68,3.83,2.15,1.34,2.34,2.27,128.0097,123.5175,134.472962370918,-0.7
2022-12-31,4.41,3.88,4.33,1.99,1.58,2.3,2.27,128.0097,121.4256,132.195519984344,-0.53
2023-01-31,4.21,3.52,4.33,1.9,1.28,2.24,2.21,128.0097,118.9802,129.533223692872,-0.69
2023-02-28,4.81,3.92,4.57,1.9,1.49,2.43,2.28,128.0097,121.3341,132.095904334278,-0.89
2023-03-31,4.06,3.48,4.83,2.11,1.16,2.32,2.24,128.0097,119.3602,129.946928031941,-0.58
2023-04-30,4.04,3.44,4.83,2.08,1.26,2.18,2.16,128.0097,119.2248,129.799518643757,-0.6
2023-05-31,4.4,3.64,5.08,2.16,1.46,2.18,2.29,128.0097,120.9662,131.695373212322,-0.76
2023-06-30,4.87,3.81,5.08,1.88,1.59,2.22,2.26,128.0097,119.3606,129.947363510193,-1.06
2023-07-31,4.88,3.97,5.33,1.77,1.6,2.37,2.47,128.0097,117.8241,128.274582676036,-0.91
2023-08-31,4.85,4.09,5.33,1.83,1.85,2.24,2.33,128.0097,120.225,130.888432012011,-0.76
2023-09-30,5.03,4.59,5.33,1.78,2.24,2.35,2.48,128.0097,122.3077,133.155858398798,-0.44
2023-10-31,5.07,4.88,5.33,1.85,2.46,2.42,2.44,128.0097,123.8364,134.820147407047,-0.19
2023-11-30,4.73,4.37,5.33,1.67,2.14,2.23,2.31,128.0097,120.2434,130.908464011587,-0.36
2023-12-31,4.23,3.88,5.33,1.61,1.72,2.16,2.2,128.0097,118.4208,128.924207357937,-0.350000000000001
2024-01-31,4.27,3.99,5.33,1.61,1.73,2.26,2.28,128.0097,120.4331,131.114989572433,-0.279999999999999
2024-02-29,4.64,4.25,5.33,1.55,1.92,2.33,2.26,128.0097,121.1824,131.930749207339,-0.39
2024-03-31,4.59,4.2,5.33,1.5,1.88,2.32,2.26,128.0097,121.0191,131.752965211103,-0.39
2024-04-30,5.04,4.69,5.33,1.44,2.28,2.41,2.39,128.0097,122.9853,133.893558557096,-0.35
2024-05-31,4.89,4.51,5.33,1.46,2.16,2.35,2.36,128.0097,122.098,132.92755892537,-0.38
2024-06-30,4.71,4.36,5.33,1.55,2.08,2.28,2.32,128.0097,124.2103,135.227210702779,-0.35
2024-07-31,4.29,4.09,5.33,1.68,1.85,2.24,2.35,128.0097,123.6373,134.603388107288,-0.2
2024-08-31,3.91,3.91,5.33,1.69,1.76,2.15,2.29,128.0097,122.3262,133.175999267937,0
2024-09-30,3.66,3.81,4.83,1.63,1.63,2.18,2.29,128.0097,121.2864,132.043973552769,0.15
2024-10-31,4.16,4.28,4.83,1.46,1.95,2.33,2.28,128.0097,124.7988,135.867908080521,0.12
2024-11-30,4.13,4.18,4.58,1.44,1.92,2.26,2.19,128.0097,126.5798,137.806874995999,0.0499999999999998
2024-12-31,4.25,4.58,4.33,1.42,2.24,2.34,2.3,128.0097,129.2775,140.7438491947,0.33
2025-01-31,4.22,4.58,4.33,1.45,2.16,2.42,2.3,128.0097,128.4828,139.878662778231,0.36
2025-02-28,3.99,4.24,4.33,1.57,1.86,2.38,2.18,128.0097,128.2805,139.658419652459,0.25
2025-03-31,3.89,4.23,4.33,1.76,1.85,2.38,2.15,128.0097,126.7075,137.945901427839,0.34
2025-04-30,3.6,4.17,4.33,1.96,1.94,2.23,2.17,128.0097,122.5921,133.465483435722,0.57
2025-05-31,3.89,4.41,4.33,1.84,2.07,2.34,2.29,128.0097,121.7674,132.56763615038,0.52
2025-06-30,3.72,4.24,4.33,1.75,1.95,2.29,2.27,128.0097,119.4088,129.999838639517,0.52
2025-07-31,3.94,4.37,4.33,1.67,1.98,2.39,2.32,128.0097,121.721,132.517120673188,0.43
2025-08-31,3.59,4.23,4.33,1.8,1.82,2.41,2.35,128.0097,120.2082,130.870141925442,0.640000000000001
2025-09-30,3.6,4.16,4.09,1.67,1.8,2.36,2.3,128.0097,120.1368,130.792409057522,0.56
2025-10-31,3.6,4.11,3.86,1.69,1.81,2.3,2.2,128.0097,121.3859,132.152298767867,0.51
2025-11-30,3.47,4.02,3.89,1.78,1.79,2.23,2.17,128.0097,121.0527,131.789545384241,0.549999999999999
2025-12-31,3.47,4.18,3.64,1.72,1.93,2.25,2.24,128.0097,119.7456,130.366511327407,0.71
2026-01-31,3.52,4.26,3.64,1.62,1.9,2.36,2.19,128.0097,117.8996,128.356779196035,0.74
2026-02-28,3.38,3.97,3.64,1.8,1.72,2.25,2.1,128.0097,117.8223,128.272623023904,0.59
2026-03-31,3.79,4.3,3.64,1.79,2,2.3,2.06,128.0097,121.035,131.770275471606,0.51
2026-04-30,3.88,4.4,3.64,1.7,1.94,2.46,2.25,128.0097,118.671,129.196599004345,0.52
2026-05-31,3.98,4.45,3.62,1.57,2.07,2.38,2.24,128.0097,118.8783,129.422285608264,0.47
2026-06-30,4.14,4.44,3.63,1.53,2.2,2.24,2.22,128.0097,120.9248,131.650301213276,0.300000000000001
2026-07-31,4.28,4.75,3.63,1.63,2.47,2.28,2.3,128.0097,119.7034,130.320568371858,0.47
2026-08-31,4.34,4.75,3.63,1.59,2.44,2.31,2.31,128.0097,118.5679,129.084354484982,0.41
2026-09-24,4.85,5.11,3.88,1.39,2.76,2.33,2.33,128.0097,119.5133,130.11360733276,0.260000000000001
